{
    "Texas": {
        "emissions": 873.111539
    },
    "California": {
        "emissions": 393.3536758
    },
    "Florida": {
        "emissions": 269.9661591
    },
    "Pennsylvania": {
        "emissions": 267.7251644
    },
    "Ohio": {
        "emissions": 235.415359
    },
    "Louisiana": {
        "emissions": 224.5537785
    },
    "Illinois": {
        "emissions": 223.380661
    },
    "Indiana": {
        "emissions": 193.6309165
    },
    "New York": {
        "emissions": 185.7409593
    },
    "Michigan": {
        "emissions": 178.954465
    },
    "Missouri": {
        "emissions": 154.5095604
    },
    "Georgia": {
        "emissions": 149.1583539
    },
    "North Carolina": {
        "emissions": 143.9527322
    },
    "Kentucky": {
        "emissions": 138.7098237
    },
    "Alabama": {
        "emissions": 135.325496
    },
    "Oklahoma": {
        "emissions": 133.4829924
    },
    "Minnesota": {
        "emissions": 126.8509595
    },
    "Wisconsin": {
        "emissions": 122.508735
    },
    "Colorado": {
        "emissions": 122.4961728
    },
    "Virginia": {
        "emissions": 120.126862
    },
    "West Virginia": {
        "emissions": 117.6945562
    },
    "Iowa": {
        "emissions": 117.4045181
    },
    "Tennessee": {
        "emissions": 111.4324522
    },
    "Kansas": {
        "emissions": 109.0129063
    },
    "Arizona": {
        "emissions": 100.0011839
    },
    "New Jersey": {
        "emissions": 95.97725049
    },
    "North Dakota": {
        "emissions": 88.38897957
    },
    "Arkansas": {
        "emissions": 88.01264244
    },
    "Washington": {
        "emissions": 86.13396231
    },
    "Nebraska": {
        "emissions": 85.39246108
    },
    "Wyoming": {
        "emissions": 83.72742621
    },
    "South Carolina": {
        "emissions": 82.11888875
    },
    "Mississippi": {
        "emissions": 79.35952579
    },
    "Utah": {
        "emissions": 76.90595458
    },
    "New Mexico": {
        "emissions": 75.83893091
    },
    "Maryland": {
        "emissions": 62.57982197
    },
    "Massachusetts": {
        "emissions": 62.19468652
    },
    "Montana": {
        "emissions": 52.25060135
    },
    "Oregon": {
        "emissions": 51.42849527
    },
    "Nevada": {
        "emissions": 45.06104554
    },
    "South Dakota": {
        "emissions": 42.21583064
    },
    "Connecticut": {
        "emissions": 39.85992689
    },
    "Alaska": {
        "emissions": 37.91546579
    },
    "Idaho": {
        "emissions": 37.83128823
    },
    "Hawaii": {
        "emissions": 17.14871378
    },
    "Maine": {
        "emissions": 16.11855223
    },
    "New Hampshire": {
        "emissions": 14.95375016
    },
    "Delaware": {
        "emissions": 14.70525456
    },
    "Rhode Island": {
        "emissions": 11.36979689
    },
    "Vermont": {
        "emissions": 8.125117015
    },
    "Total": {
        "emissions": 6304.114351
    }
}